seed,p_energy,p_wasserstein,d_ks2d,d_kl
19021,0.05050000000000001,0.51,0.136,0.5618204492747891
16018,0.055525000000000005,0.065,0.127,0.549934649354874
17338,0.06637500000000002,0.285,0.1395,0.5327030767279949
13002,0.058375,0.01,0.133,0.552367133363704
16537,0.054900000000000004,0.045,0.134,0.5368866728523894
11968,0.05612500000000001,0.065,0.097,0.5539633329230942
13169,0.05630000000000001,0.085,0.11049999999999999,0.5716272717030367
14990,0.062475,0.045,0.1055,0.56746592830204
17763,0.0641,0.105,0.1225,0.54202726259135
17438,0.056875,0.03,0.11649999999999996,0.532267520986524
11847,0.05897500000000001,0.055,0.12000000000000001,0.546556099001696
19580,0.05140000000000001,0.025,0.1245,0.513351991863428
11595,0.061125,0.045,0.10949999999999999,0.5516144298665385
18933,0.05997500000000001,0.025,0.1455,0.5480765673361112
16973,0.06532500000000001,0.03,0.11550000000000002,0.5384032712035632
18141,0.06415000000000001,0.015,0.121,0.5198706631184522
14849,0.06505000000000001,0.005,0.11449999999999999,0.5646681343520963
17614,0.06925,0.275,0.122,0.522509758424703
11972,0.059425000000000006,0.075,0.131,0.5281871676029072
12604,0.063,0.03,0.11399999999999996,0.5507380425065902
19402,0.055549999999999995,0.165,0.12500000000000003,0.5237076323180687
11145,0.061500000000000006,0.01,0.122,0.5461198135549427
19566,0.059000000000000004,0.015,0.1395,0.53350536415483
16986,0.054125000000000006,0.155,0.11900000000000002,0.5408608257270654
12237,0.058175000000000004,0.005,0.1185,0.5314931245351542
10502,0.06970000000000001,0.17,0.1085,0.5426783208139174
11952,0.06495000000000001,0.065,0.1455,0.5413246832748204
11461,0.0632,0.025,0.1265,0.536558975939819
13901,0.058625,0.005,0.121,0.5351661533953584
18986,0.05157500000000001,0.055,0.1375,0.5515191018780743
15399,0.05777500000000001,0.025,0.153,0.554692942506062
16858,0.06595000000000001,0.075,0.1215,0.5289278062082978
10485,0.05210000000000001,0.215,0.1375,0.5356557390946185
13827,0.049675000000000004,0.02,0.12050000000000002,0.5601064575897702
18924,0.055625,0.075,0.1265,0.5537449018468295
14155,0.0709,0.055,0.119,0.5430884613129343
13882,0.0565,0.01,0.13599999999999998,0.5471463640412382
11241,0.064675,0.05,0.13049999999999998,0.5464802271549654
15451,0.06102500000000001,0.07,0.09699999999999998,0.5245495786015337
14469,0.060950000000000004,0.23,0.11800000000000001,0.5358853171360367
19061,0.065375,0.055,0.13249999999999998,0.5410125599159714
17174,0.06182500000000001,0.01,0.135,0.5444615741329926
11288,0.061950000000000005,0.06,0.11699999999999999,0.5438811263801755
13748,0.05435,0.145,0.12149999999999997,0.5324711775522171
13929,0.068225,0.005,0.11649999999999999,0.5268854435858645
13508,0.063675,0.19,0.131,0.5379094598262871
10895,0.04870000000000001,0.155,0.10949999999999999,0.5352534775257917
19605,0.05495000000000001,0.06,0.10599999999999998,0.5436642495481038
12755,0.05732500000000001,0.085,0.1275,0.5256097339017869
19984,0.05580000000000001,0.02,0.134,0.5458925039420945
11352,0.06037500000000001,0.07,0.11099999999999999,0.5421662707975057
10895,0.046900000000000004,0.025,0.1215,0.5460784175135704
13972,0.06380000000000001,0.07,0.12299999999999997,0.545990801524064
16208,0.057999999999999996,0.07,0.117,0.5241188901736056
14906,0.06237500000000001,0.035,0.1255,0.5299640797881551
13179,0.06815,0.06,0.1445,0.5594711468687261
10517,0.065625,0.07,0.124,0.5382011841854479
11767,0.0582,0.23,0.12400000000000003,0.5490233217060057
16049,0.061225,0.005,0.141,0.5501578498384683
11799,0.06745000000000001,0.065,0.1175,0.5201064113345863
12218,0.053625,0.005,0.12600000000000003,0.5566090110810841
15229,0.058625,0.005,0.1215,0.5310849498839922
10847,0.05607500000000001,0.005,0.118,0.537114417139204
12366,0.055175,0.015,0.12350000000000003,0.5351126946560996
11665,0.06385,0.37,0.1305,0.5268851019912777
10903,0.058875000000000004,0.155,0.12550000000000003,0.535486169107089
10054,0.057575,0.195,0.12400000000000003,0.5293206845204077
12256,0.05710000000000001,0.025,0.14350000000000002,0.540520024693122
10288,0.06542500000000001,0.175,0.11699999999999997,0.5045210904757407
15578,0.0555,0.005,0.1235,0.5362827189614212
18131,0.053025,0.1,0.1295,0.5451398848507406
19663,0.0702,0.3,0.10599999999999998,0.5523662906997353
17444,0.051425,0.015,0.14049999999999999,0.5577935658838777
12633,0.0432,0.055,0.14700000000000002,0.5571558930088162
12687,0.059875000000000005,0.195,0.10800000000000001,0.5440083907228475
15898,0.06305000000000001,0.295,0.11649999999999996,0.536843966826057
11055,0.057525000000000014,0.125,0.12299999999999997,0.5578790607202051
13528,0.05292500000000001,0.085,0.11750000000000002,0.5463103703754835
19227,0.061900000000000004,0.095,0.11699999999999999,0.547283431767186
11958,0.061575000000000005,0.03,0.13599999999999998,0.5250759388277142
19818,0.056850000000000005,0.055,0.1245,0.557190009984851
13022,0.059875000000000005,0.37,0.1225,0.5383716625234064
10344,0.05840000000000001,0.01,0.129,0.5396886879364624
10038,0.06415000000000001,0.04,0.13649999999999998,0.5632816336932498
15950,0.056799999999999996,0.4,0.121,0.5287169483143409
19131,0.06470000000000001,0.26,0.11149999999999999,0.5356512952705939
19761,0.05647500000000001,0.01,0.13999999999999999,0.523314322860264
11664,0.05840000000000001,0.095,0.15,0.5314464273539639
15502,0.056650000000000006,0.025,0.14100000000000001,0.5405038699119289
19144,0.0599,0.065,0.1225,0.5581933779711756
18889,0.072075,0.005,0.14250000000000002,0.551816997673596
12637,0.06860000000000001,0.005,0.15950000000000003,0.5324264121587405
17453,0.066075,0.005,0.13300000000000003,0.5306226329413284
12764,0.05550000000000001,0.085,0.11350000000000002,0.5534779851692733
10110,0.061524999999999996,0.11,0.136,0.5356416426745092
15546,0.05945,0.075,0.1165,0.5512223389585267
11121,0.0559,0.41,0.12149999999999997,0.5222681982149995
18979,0.059800000000000006,0.03,0.1325,0.5504979312658438
12425,0.06375,0.025,0.122,0.5351492895866616
10173,0.05715,0.005,0.14500000000000002,0.5385260215178362
12644,0.056150000000000005,0.04,0.11049999999999999,0.5388997928762729
17737,0.060125000000000005,0.12,0.11600000000000002,0.5308288739641691
12054,0.064,0.095,0.13500000000000004,0.5434472286453153
19735,0.056675,0.125,0.144,0.5545233874880761
18132,0.0553,0.025,0.131,0.5322236570660654
19705,0.05895,0.03,0.1445,0.5532488747965661
19772,0.065975,0.09,0.12250000000000003,0.5332065525573311
11187,0.068,0.105,0.1355,0.5379925352233766
14233,0.05955,0.04,0.13599999999999998,0.5499237353421967
19993,0.05965,0.05,0.1225,0.5231471270619619
13545,0.059275,0.105,0.1375,0.5355842116545657
13134,0.057675000000000004,0.06,0.1275,0.5444282509893732
18903,0.062075000000000005,0.035,0.1355,0.540726464035448
16979,0.05465,0.14,0.12499999999999997,0.513163355215311
10178,0.06045,0.02,0.12550000000000003,0.5512755340559853
14586,0.060075,0.065,0.13749999999999998,0.5407416333633737
17084,0.053200000000000004,0.065,0.1405,0.5497448294267826
19107,0.06995000000000001,0.005,0.1365,0.5466687347689252
14531,0.053975,0.16,0.12200000000000003,0.5440416502099898
10355,0.0608,0.25,0.11599999999999996,0.5371513411996295
15411,0.05655,0.07,0.134,0.5515724266016879
10074,0.065925,0.04,0.128,0.5232041536031936
11573,0.047025000000000004,0.045,0.14150000000000001,0.5280288710420573
14089,0.06925,0.025,0.12800000000000003,0.5290633106425876
18741,0.06309999999999999,0.005,0.1315,0.5573041297956003
11504,0.059625000000000004,0.195,0.12200000000000003,0.5259126856631736
15673,0.062025000000000004,0.11,0.11150000000000002,0.5306253034411146
12740,0.05865,0.04,0.114,0.5447494601651952
15467,0.053275,0.14,0.10600000000000001,0.5484867820973068
11714,0.0646,0.11,0.1265,0.5386931508734698
15857,0.061125000000000006,0.03,0.118,0.535832509559734
13852,0.057475000000000005,0.225,0.131,0.5302128951295885
17077,0.06602500000000001,0.095,0.13649999999999998,0.5487716923675382
17497,0.05935000000000001,0.005,0.14200000000000002,0.5643135132510877
11161,0.060975,0.1,0.14950000000000002,0.5298628443043771
17115,0.060700000000000004,0.06,0.12499999999999997,0.5674664378246936
11559,0.060625,0.02,0.122,0.567216233098785
13393,0.05247500000000001,0.125,0.1645,0.5622172221415014
11161,0.053450000000000004,0.215,0.12850000000000003,0.5687497280076386
14741,0.057775,0.145,0.12300000000000003,0.5470408245258871
10334,0.049574999999999994,0.22,0.12999999999999998,0.5363789897000664
10309,0.06717500000000001,0.535,0.12300000000000001,0.5400075942140232
11429,0.06185,0.11,0.13,0.5426352523026963
12302,0.049100000000000005,0.115,0.1345,0.5652097037939077
18637,0.05887500000000001,0.025,0.137,0.5509488917162263
13140,0.055625,0.04,0.13,0.5592737301337078
11759,0.0667,0.135,0.1175,0.5137049379860021
19300,0.06810000000000001,0.06,0.1265,0.5276965861627881
13147,0.053025,0.07,0.1235,0.5470402191986021
13098,0.05605,0.47,0.11649999999999999,0.5212599050131541
17232,0.052774999999999996,0.125,0.128,0.5506553822176871
11164,0.06225000000000001,0.095,0.13000000000000003,0.5288347996142472
11701,0.0579,0.22,0.11850000000000001,0.5311219829697761
10231,0.056675,0.005,0.13849999999999998,0.5313719949817228
12889,0.05225000000000001,0.065,0.1165,0.5406627302206788
14289,0.053399999999999996,0.005,0.144,0.5571592469927774
12611,0.056725000000000005,0.12,0.141,0.5486169715444282
10474,0.05310000000000001,0.275,0.14400000000000002,0.5666615828605142
18194,0.06555000000000001,0.025,0.12,0.5373529453222191
12154,0.056075,0.17,0.14,0.5432017612601931
13412,0.07155,0.045,0.14350000000000002,0.5571515616804184
18263,0.06237500000000001,0.035,0.1255,0.5324618919377615
13466,0.063325,0.03,0.12,0.5385480130010059
15544,0.058324999999999995,0.01,0.13400000000000004,0.5462289557658517
13542,0.05392500000000001,0.005,0.1255,0.5658373893600828
15818,0.061025,0.03,0.12999999999999998,0.552899875171317
14992,0.05985,0.335,0.13,0.5600436473155719
15099,0.04880000000000001,0.02,0.1395,0.5626509488101401
13089,0.06405,0.025,0.1385,0.5321519165981191
18920,0.057775,0.07,0.13150000000000003,0.5656895689667201
16336,0.055775000000000005,0.005,0.1445,0.5694176418553978
14030,0.05235,0.045,0.125,0.5137050722890598
10527,0.06065,0.03,0.1185,0.5442356035282495
19748,0.064825,0.055,0.11449999999999999,0.5427295956264657
19708,0.058425000000000005,0.095,0.15600000000000003,0.5175866239808804
14068,0.064225,0.055,0.14350000000000002,0.5348997975048073
13926,0.056299999999999996,0.04,0.134,0.5443695884012383
19397,0.058725000000000006,0.145,0.1015,0.5368709628407482
12348,0.0626,0.105,0.15349999999999997,0.5279765182177756
12768,0.057975000000000006,0.1,0.1215,0.531455153369908
17266,0.062525,0.005,0.14049999999999999,0.519240343281853
15147,0.0651,0.01,0.14049999999999999,0.54958417075775
18741,0.060525,0.005,0.14150000000000001,0.5307064864374245
12072,0.05207500000000001,0.01,0.13649999999999998,0.5636064659292215
12030,0.058550000000000005,0.05,0.13349999999999998,0.5428795132992311
12994,0.05907500000000001,0.09,0.123,0.5599555153690956
15760,0.06512500000000002,0.02,0.15149999999999997,0.549251286575019
18945,0.059125000000000004,0.005,0.11750000000000001,0.5409194582310659
19544,0.060175,0.02,0.137,0.5370193117849191
13444,0.05840000000000001,0.08,0.11599999999999999,0.5388617893245973
16608,0.058800000000000005,0.075,0.1225,0.5531485179694108
15020,0.0584,0.16,0.1275,0.5526376484311939
10379,0.05907500000000001,0.095,0.15050000000000002,0.555036884836351
17162,0.062400000000000004,0.055,0.11850000000000001,0.5288335792615135
18058,0.0502,0.04,0.12249999999999997,0.5475650354775868
11910,0.050675000000000005,0.015,0.139,0.5412842152247959
11509,0.056175,0.13,0.126,0.5596867590955859
19576,0.0617,0.085,0.1415,0.5618665617937245
13104,0.0604,0.02,0.14100000000000001,0.5409663737731861
18245,0.066125,0.09,0.1255,0.5457498205405134
13667,0.05585000000000001,0.03,0.126,0.543074072121193
17038,0.054924999999999995,0.005,0.1275,0.5587358203967205
17967,0.057150000000000006,0.155,0.12700000000000003,0.5357574966797586
11742,0.061700000000000005,0.005,0.129,0.5458127997784914
18503,0.073725,0.445,0.118,0.535964657327969
14777,0.05665,0.005,0.1415,0.5147420355708111
16101,0.06015000000000001,0.01,0.1225,0.5129656535669872
12338,0.068225,0.025,0.11049999999999999,0.5342478743347494
13234,0.057874999999999996,0.09,0.127,0.5443597750807202
13781,0.058949999999999995,0.06,0.124,0.5615249010696249
11274,0.0613,0.17,0.119,0.5456215996213488
15703,0.06807500000000001,0.13,0.12200000000000003,0.5602694150725274
11697,0.059225,0.57,0.13250000000000003,0.5391973906635741
12646,0.05675000000000001,0.04,0.11499999999999999,0.5493997554694452
12700,0.06537500000000002,0.01,0.13549999999999998,0.5398978843189329
15604,0.070375,0.21,0.11599999999999999,0.5479948842842477
17361,0.05875,0.005,0.1335,0.5361628930514153
15044,0.05195,0.14,0.13549999999999998,0.5358895909088098
11487,0.057925000000000004,0.025,0.15500000000000003,0.5335687168287926
14269,0.06615,0.045,0.13200000000000003,0.5610534414215858
19407,0.061325000000000005,0.005,0.12649999999999997,0.5450986426631028
14344,0.05612500000000001,0.115,0.11849999999999997,0.5255361706839357
12471,0.06065,0.02,0.1225,0.5566519379140265
18707,0.051500000000000004,0.02,0.133,0.5562024081556267
13018,0.05862500000000001,0.125,0.13199999999999998,0.5277535418322934
13436,0.06197500000000001,0.025,0.115,0.5477457595203501
16167,0.058675000000000005,0.01,0.12800000000000003,0.5292459221643113
16472,0.05095000000000001,0.075,0.131,0.5621288397937778
10287,0.058800000000000005,0.05,0.14400000000000002,0.5470837252315351
19948,0.06495000000000001,0.01,0.1345,0.5486400207440116
19203,0.062775,0.125,0.126,0.5465657424047531
11632,0.062075,0.025,0.1235,0.5460866717449464
14343,0.06237500000000001,0.085,0.1155,0.549451267979029
12554,0.06075,0.015,0.12900000000000003,0.5397007513201593
10838,0.0449,0.26,0.10599999999999998,0.5516856298295746
17636,0.054975,0.17,0.11349999999999999,0.5321167577169532
13780,0.058675000000000005,0.05,0.13,0.5322734922013472
18749,0.059425,0.02,0.12799999999999997,0.5180349954480983
17108,0.054924999999999995,0.03,0.13099999999999998,0.5615956659028476
15783,0.058025,0.15,0.119,0.5423775997920874
11188,0.058375,0.08,0.133,0.5454946537246588
13694,0.055900000000000005,0.175,0.1275,0.5459582162833932
12776,0.059250000000000004,0.085,0.11850000000000002,0.5219764785797335
16411,0.06265000000000001,0.035,0.13,0.5379798331501806
17628,0.05982500000000001,0.07,0.13249999999999998,0.5548873390639546
18663,0.05185000000000001,0.06,0.132,0.5425601724744566
18132,0.052575000000000004,0.115,0.13599999999999998,0.5580419135232858
11227,0.052825000000000004,0.07,0.13649999999999998,0.5402377756032053
15924,0.05205,0.01,0.125,0.5516200486646767
15380,0.05315,0.15,0.1405,0.5424114452249857
16701,0.05997500000000001,0.065,0.15399999999999997,0.5344413866355179
15603,0.0545,0.12,0.11649999999999999,0.5455610834959348
19815,0.0632,0.125,0.14100000000000001,0.5526180428102707
12757,0.052300000000000006,0.02,0.14200000000000002,0.5332124401067202
18371,0.05430000000000001,0.025,0.13,0.5633400709068689
17768,0.063975,0.06,0.11399999999999999,0.535980735784277
16577,0.0541,0.075,0.11150000000000002,0.5634617328974951
14642,0.05775,0.09,0.1145,0.5367580871248608
18666,0.054299999999999994,0.005,0.12500000000000003,0.5341051516913589
12761,0.062625,0.015,0.11049999999999999,0.5269328141041867
14356,0.058875000000000004,0.105,0.126,0.5357656235934305
15500,0.05932500000000001,0.05,0.139,0.5507999937121184
13342,0.051275,0.095,0.11950000000000001,0.5442874081738382
15858,0.06825,0.005,0.13449999999999998,0.5382150537964137
18146,0.06775,0.015,0.11549999999999999,0.5227158219276259
14731,0.06535,0.01,0.10299999999999998,0.5379370976446527
14843,0.052125000000000005,0.065,0.121,0.5749247096993708
11475,0.06805,0.075,0.1435,0.5601465449982844
16674,0.0588,0.005,0.1275,0.5519768997057893
12964,0.05425000000000001,0.035,0.12600000000000003,0.5353697303663277
15103,0.054825,0.015,0.13150000000000003,0.5617757432144764
18656,0.06582500000000001,0.32,0.11300000000000002,0.561912429952682
12183,0.06285,0.1,0.12400000000000001,0.5381847146868735
10462,0.060475,0.035,0.11350000000000002,0.5277082845590122
19920,0.06442500000000001,0.035,0.1355,0.5308972191982118
17184,0.063125,0.105,0.12400000000000003,0.5215939541404726
11702,0.06705,0.05,0.1255,0.5165369700720323
12198,0.059050000000000005,0.095,0.15150000000000002,0.5425609603860885
14012,0.050425000000000005,0.14,0.13649999999999998,0.5543632575287778
10178,0.05385000000000001,0.035,0.1305,0.5379932115025042
12004,0.05825,0.06,0.1355,0.5378733147446169
14307,0.05012500000000001,0.08,0.13250000000000003,0.5411322899673447
18903,0.061724999999999995,0.075,0.14250000000000002,0.5485467686171295
10415,0.057575,0.01,0.127,0.5279025274120757
16180,0.05012500000000001,0.045,0.13,0.5289231903408889
19663,0.05885,0.08,0.1345,0.5452170916095322
11979,0.06075,0.015,0.1265,0.5431794365856589
14619,0.057775,0.155,0.131,0.5695078350339529
15292,0.06185,0.05,0.1355,0.5439177933000912
17819,0.06105000000000001,0.025,0.1305,0.5301633722699489
13538,0.061575000000000005,0.025,0.12850000000000003,0.5455040938058267
15038,0.058800000000000005,0.07,0.1335,0.5366754332430383
14298,0.054525000000000004,0.09,0.13499999999999998,0.5225829630344183
19216,0.05657500000000001,0.115,0.12149999999999998,0.5609835101433654
17234,0.0644,0.145,0.1245,0.5320099489458636
13126,0.058675000000000005,0.055,0.137,0.5271808047750909
18828,0.05682500000000001,0.005,0.1305,0.5377999316635226
16701,0.06075,0.05,0.1445,0.5469330013770288
13500,0.051699999999999996,0.115,0.1395,0.5560507422893323
18697,0.060200000000000004,0.005,0.11850000000000002,0.5345312259008927
12804,0.0582,0.12,0.14049999999999999,0.5275842828195627
17839,0.05722500000000001,0.15,0.1235,0.5455948355029423
17481,0.06225000000000001,0.02,0.1215,0.5369677089361162
19101,0.0577,0.18,0.12,0.5535201966465773
18660,0.062525,0.025,0.11999999999999998,0.5300866208693582
14819,0.052975,0.07,0.129,0.526162197080839
10157,0.061825,0.14,0.1275,0.5402443721828973
16384,0.06200000000000001,0.045,0.146,0.516602959636814
19411,0.054849999999999996,0.015,0.122,0.5465413486545225
18449,0.055775000000000005,0.01,0.11950000000000001,0.5223438686976893
13257,0.053275,0.02,0.1355,0.5295130690031709
15687,0.07137500000000001,0.035,0.13249999999999998,0.5564123469303757
18605,0.0558,0.05,0.13150000000000003,0.5378930186065101
19568,0.06575,0.14,0.12899999999999998,0.5353989548146197
17761,0.062975,0.185,0.13499999999999998,0.535074932073375
19517,0.05597500000000001,0.01,0.14,0.539920503753401
10656,0.06182500000000001,0.01,0.1535,0.5389608367464087
19210,0.053000000000000005,0.005,0.129,0.5422517340594563
11265,0.057275,0.01,0.1335,0.5218083013290116
17266,0.06200000000000001,0.005,0.13599999999999998,0.5374974902699072
19996,0.0558,0.325,0.09950000000000003,0.5311888968325027
16862,0.06775,0.245,0.13699999999999998,0.5482141856438735
17005,0.05535,0.175,0.1285,0.541939258317528
11748,0.06252500000000001,0.045,0.121,0.5563411946171912
16836,0.05705000000000001,0.105,0.1235,0.5357207016911016
19582,0.05825,0.015,0.1375,0.553113862561367
16115,0.073575,0.155,0.145,0.5454721290268187
17345,0.061025,0.385,0.13849999999999998,0.540407608609285
18017,0.06525,0.01,0.109,0.5510206281550358
13247,0.05977500000000001,0.2,0.146,0.5396708776674953
16095,0.06237500000000001,0.01,0.12999999999999998,0.5398663710858809
17255,0.053000000000000005,0.06,0.1545,0.5397916990113263
10645,0.061125,0.08,0.13699999999999998,0.5621121727228304
11968,0.0616,0.005,0.119,0.5199930766044825
18356,0.053075000000000004,0.015,0.11850000000000002,0.5575921109910995
16517,0.064225,0.02,0.11550000000000002,0.523230121182134
17857,0.059025,0.055,0.1355,0.5488196692521855
10776,0.064775,0.225,0.12350000000000001,0.5150902542670719
15634,0.06075,0.045,0.12949999999999998,0.5499258680099299
15361,0.061099999999999995,0.03,0.152,0.5306740759852056
15046,0.05605,0.005,0.12800000000000003,0.5647461250439754
15944,0.048775000000000006,0.13,0.1445,0.5276836368957889
11891,0.06290000000000001,0.31,0.138,0.537976512643036
13439,0.053575,0.1,0.123,0.5528413978181533
12581,0.05032500000000001,0.045,0.121,0.561917811673273
19276,0.055175,0.155,0.10649999999999998,0.5610174261266048
18155,0.062275,0.03,0.12450000000000003,0.520445139625153
15510,0.060274999999999995,0.145,0.1365,0.5416778324040225
11966,0.05710000000000001,0.01,0.131,0.540504829254287
18705,0.05630000000000001,0.005,0.11450000000000002,0.5313794756532474
10837,0.047925,0.035,0.1385,0.5514067432890054
13633,0.06225000000000001,0.005,0.12949999999999998,0.5411155260198843
15350,0.06090000000000001,0.045,0.12250000000000001,0.5458293760026836
10594,0.06215000000000001,0.23,0.131,0.5328587984098303
13720,0.05870000000000001,0.415,0.1335,0.5676626174658475
11710,0.060775,0.01,0.1305,0.5218665032428511
19298,0.0571,0.015,0.11349999999999999,0.539135705161346
17682,0.057725000000000005,0.01,0.097,0.5343540640435798
17806,0.0645,0.08,0.14349999999999996,0.5353942628027749
14694,0.064525,0.08,0.1445,0.5326220008365192
11296,0.06085000000000001,0.315,0.13549999999999998,0.5423151935569807
10372,0.06555,0.09,0.13,0.5374454505838798
10653,0.06585,0.035,0.128,0.5200699739996785
16942,0.059725,0.005,0.13849999999999998,0.5431245581815933
11535,0.061875,0.035,0.1335,0.5209289882982843
19490,0.068275,0.09,0.14450000000000002,0.5559510422556125
18192,0.053275,0.175,0.11400000000000002,0.539040058556397
17617,0.063575,0.085,0.13149999999999998,0.5576624693906288
18361,0.0692,0.005,0.11299999999999999,0.5346470411382676
19411,0.059425,0.015,0.12100000000000002,0.5370106488763066
15695,0.0629,0.135,0.129,0.5617610688350381
14156,0.06815,0.025,0.11900000000000001,0.5414593663883291
10442,0.070075,0.115,0.11650000000000002,0.5281790511673325
17449,0.05737500000000001,0.025,0.10850000000000001,0.5586546448061667
13889,0.05952500000000001,0.115,0.11950000000000001,0.5238328731211276
10954,0.052625000000000005,0.145,0.14800000000000002,0.5510246459922652
14680,0.05035,0.255,0.1245,0.5654743434953404
12886,0.06484999999999999,0.015,0.1355,0.5341198669973044
16016,0.058600000000000006,0.045,0.12250000000000003,0.5603297083290846
19645,0.054900000000000004,0.05,0.142,0.5318815830624004
11323,0.0582,0.03,0.14650000000000002,0.552449870889183
10708,0.058550000000000005,0.02,0.11599999999999999,0.5532748910209564
18832,0.061550000000000014,0.155,0.141,0.5485343207960635
16669,0.07190000000000002,0.095,0.1275,0.541310676867792
16741,0.056350000000000004,0.015,0.1395,0.5430483994093982
11320,0.0649,0.08,0.15800000000000003,0.5085667231645936
11769,0.055650000000000005,0.06,0.155,0.5373717848264975
17640,0.060050000000000006,0.1,0.13899999999999998,0.5375344911646083
13099,0.05915000000000001,0.03,0.14850000000000002,0.5465177508031657
10528,0.063,0.07,0.12850000000000003,0.5407066830564915
18538,0.06855,0.29,0.129,0.5462265139880806
18389,0.060025,0.02,0.14450000000000002,0.5676906759244145
11113,0.061075,0.02,0.117,0.5245566886362234
10678,0.06215000000000001,0.28,0.13999999999999999,0.5359433730182518
16896,0.069025,0.01,0.1245,0.5251275684498607
15158,0.051925,0.035,0.1265,0.5486609357616707
13220,0.061500000000000006,0.05,0.13100000000000003,0.5468720887233081
11625,0.052225,0.065,0.132,0.5595757494970085
10595,0.05467500000000001,0.035,0.13949999999999999,0.5299528687935713
11841,0.0539,0.04,0.13849999999999998,0.5352577949905252
15089,0.06315000000000001,0.115,0.1195,0.5444093467198955
10164,0.06720000000000001,0.14,0.1255,0.5273676175237036
19226,0.058550000000000005,0.1,0.131,0.5316754994155859
17105,0.060925,0.19,0.127,0.5309281895471024
12122,0.054325,0.035,0.10849999999999999,0.5543402291885574
11528,0.051875,0.03,0.13050000000000003,0.5637246597210765
13830,0.060274999999999995,0.03,0.132,0.5337279483272662
19847,0.05605,0.035,0.137,0.5457729742683126
16015,0.059125,0.34,0.13250000000000003,0.5470957317787182
11036,0.05755000000000001,0.15,0.10149999999999998,0.5285897921524486
15017,0.05585000000000001,0.005,0.13050000000000003,0.54764080445064
14889,0.060200000000000004,0.08,0.1335,0.5483005074379775
14666,0.05415000000000001,0.145,0.125,0.5693418506413439
15958,0.055175,0.03,0.126,0.5552971365124371
15646,0.060175,0.01,0.125,0.5365556355869489
16240,0.0584,0.27,0.14650000000000002,0.5458046674105179
19351,0.05895,0.065,0.14200000000000002,0.5261639352205953
13752,0.066775,0.035,0.14250000000000002,0.5600048775316958
12391,0.05512500000000001,0.02,0.12699999999999997,0.5340437915284866
16782,0.05602500000000001,0.115,0.1365,0.5666597433955107
11998,0.062875,0.055,0.131,0.5420821467169016
15381,0.05935000000000001,0.03,0.124,0.553992878465758
14228,0.056275000000000006,0.01,0.14300000000000002,0.5534013852848244
15488,0.0525,0.005,0.13099999999999998,0.5505510087171079
16170,0.056325,0.32,0.144,0.5452748733947204
13463,0.05645000000000001,0.005,0.1295,0.5603772274376005
11397,0.05720000000000001,0.595,0.138,0.5679827111109603
10843,0.064625,0.005,0.12950000000000003,0.5360429707738111
16533,0.07205,0.215,0.14250000000000002,0.5341992728744499
16949,0.060500000000000005,0.01,0.147,0.5407725604671035
15082,0.059175000000000005,0.14,0.14750000000000002,0.5299366562364813
11274,0.055125,0.055,0.142,0.5237204575806953
14962,0.047775000000000005,0.185,0.1305,0.5473837813561937
18544,0.057075000000000015,0.465,0.1335,0.5309967999958225
19171,0.05462500000000001,0.035,0.126,0.54161475816075
10612,0.064675,0.025,0.11900000000000001,0.5625200169515503
10358,0.056775,0.02,0.1405,0.53151445250523
17990,0.0608,0.37,0.12350000000000003,0.5397236009552756
16403,0.056850000000000005,0.345,0.11949999999999997,0.5394998729505882
18239,0.06245,0.15,0.1205,0.5299390254979217
19712,0.05455,0.005,0.138,0.5471181279581986
16098,0.06290000000000001,0.06,0.12250000000000003,0.5386516175334166
16781,0.063075,0.05,0.10899999999999999,0.5222062301546231
11661,0.062875,0.085,0.12549999999999997,0.5388712938056096
10203,0.063075,0.195,0.1385,0.5650693616637398
14308,0.0584,0.055,0.12749999999999997,0.5604335418283694
17196,0.051300000000000005,0.015,0.14400000000000002,0.5636745099035205
18198,0.05835,0.17,0.136,0.5418294197319861
11484,0.05315,0.09,0.14700000000000002,0.5317651409569024
14004,0.054200000000000005,0.045,0.123,0.5646522284642874
11426,0.061250000000000006,0.31,0.12299999999999997,0.51225083193169
10722,0.05830000000000001,0.17,0.10399999999999998,0.5306570723505545
12195,0.04920000000000001,0.02,0.1025,0.5484775468097363
18282,0.051800000000000006,0.045,0.1225,0.5448350160604823
19831,0.06065,0.08,0.12899999999999998,0.5284470056371433
19921,0.057325,0.055,0.123,0.5369221187796169
18524,0.0627,0.18,0.1425,0.5346294058551417
12505,0.059400000000000015,0.085,0.131,0.547906597430607
11840,0.061950000000000005,0.01,0.11700000000000002,0.5368611301319328
18636,0.056174999999999996,0.06,0.1285,0.5441836116963406
18771,0.071,0.085,0.12750000000000003,0.5225473720779895
12112,0.0582,0.025,0.10850000000000001,0.5387500009154753
17020,0.0582,0.035,0.12450000000000006,0.5476340499326576
17209,0.06035,0.09,0.11499999999999999,0.5308253972887995
19928,0.05557500000000001,0.075,0.112,0.5532257208266764
13952,0.055475000000000003,0.05,0.12300000000000003,0.5500732221920814
19319,0.06942500000000001,0.125,0.127,0.5360727174942296
13800,0.053275,0.015,0.1385,0.5565196636283835
10108,0.05277500000000001,0.01,0.1425,0.5478273271511873
19254,0.05375,0.025,0.11599999999999999,0.5507939632632386
17497,0.058350000000000006,0.01,0.143,0.5336652366438002
17438,0.05260000000000001,0.02,0.11900000000000002,0.5309009524771264
10675,0.06210000000000001,0.06,0.10400000000000001,0.5456232616602833
13193,0.05575,0.03,0.13649999999999998,0.5509916040358458
12942,0.055175,0.11,0.12700000000000003,0.5336522674883077
15156,0.05875000000000001,0.24,0.122,0.543103406546242
14531,0.05732500000000001,0.045,0.13799999999999998,0.544138844921582
12435,0.05492500000000001,0.21,0.12000000000000002,0.5411063685372555
15338,0.059375,0.055,0.1295,0.5325341637767951
19410,0.06180000000000001,0.045,0.133,0.5452266541202708
19363,0.0632,0.17,0.11449999999999999,0.5441149922772428
18406,0.060250000000000005,0.01,0.12200000000000001,0.5414011091382729
18330,0.056475,0.06,0.12399999999999997,0.5503734871483533
17655,0.05707500000000001,0.03,0.1205,0.5650949717616713
15312,0.06432500000000001,0.035,0.123,0.5422478610647337
14580,0.062475,0.22,0.129,0.5401217138149188
17041,0.05625,0.065,0.11499999999999999,0.5286626318002866
19784,0.06517500000000001,0.02,0.12199999999999998,0.5475894951979932
13556,0.057725000000000005,0.04,0.13050000000000003,0.535086319387924
18912,0.052125000000000005,0.06,0.13,0.519316626302734
11525,0.059925,0.075,0.1255,0.5380792581787546
13452,0.072675,0.135,0.105,0.5293670371796799
17749,0.062775,0.02,0.11850000000000001,0.5421914375433214
18162,0.063625,0.015,0.1235,0.5528439674883886
12086,0.063075,0.035,0.1285,0.5430029304338608
14911,0.062325,0.005,0.13449999999999998,0.567164052379457
15794,0.052324999999999997,0.125,0.12749999999999997,0.5382630846026673
14432,0.05540000000000001,0.08,0.12400000000000003,0.5754033372528242
15355,0.059050000000000005,0.01,0.13550000000000004,0.5431559353446465
13006,0.062725,0.04,0.11299999999999999,0.5461612212472046
